Name,Address,Phone
Appsinvo - Mobile App & Website Development Company,"B-25, 3rd Floor, B Block, Sector 2, Noida, Uttar Pradesh 201301",099715 31430
Candour Systems Pvt Ltd. - Best School ERP software company,"B 62 B 62, near Noida Authority, B Block, Sector 6, Noida, Uttar Pradesh 201301",099999 09770
Corporate Infotech Pvt Ltd.,"E-81, E Block, Sector 6, Noida, Uttar Pradesh 201301",1800 11 6474
Incredible India Techxpert Pvt. Ltd. (website & software development company in noida ),"Om Complex, Metro Station Rd, opposite nirula hotel, A Block, Sector 15, Noida, Uttar Pradesh 201301",070535 79045
Crestech Software,"107, Plot No. D, Vyapar Marg, D Block, Sector 2, Noida, Uttar Pradesh 201301",088266 66755
Techwarezen Pvt. Ltd. | App Development | Website Development| MLM Software | Gaming App Development Company,"D-53, Sector 2, Noida, Uttar Pradesh 201301",098999 73092
Clamour Technologies,"C-28, Ground Floor, Near Nirula's Hotel, Sector-2 Nearest, Metro Station Rd, Sector 2, Noida, Uttar Pradesh 201301",0120 411 5737
"MyDigitalHp IT Solutions - Best Software & Website Development Company in Noida, Delhi NCR","D-9, Vyapar Marg, Block D, Noida Sector 3, Noida, Uttar Pradesh 201301",070078 23374
TOPHILL PHARMA LIMITED -Leading Pharma and Cosmetic Products Company,"Block H, Infinity Business Park, 221, H Block, Sector 63, Noida, Uttar Pradesh 201301",0120 474 1751
MCM India Private Limited,"D 195, D Block, Sector 63, Noida, Uttar Pradesh 201305",N/A
AbyM Technology - Top AI and IT company I Best Digital agency in Noida | Delhi NCR | India,"6th & 7th, Floors, C-56/11, C Block, Phase 2, Industrial Area, Sector 62, Noida, Uttar Pradesh 201301",N/A
Mobile App Development Company in India | Ajath,"G Block, 37, First Floor, Noida Sector 3, Noida, Uttar Pradesh 201301",078385 18049
Noida Packers,"Shop No-2, 2nd Floor, opp. Metro Pillar No-235, Hoshiyarpur, Sector 51, Noida, Uttar Pradesh 201307",084778 80359
Testovation | Software Testing Company,"C2, Block C, Sector 1, Noida, Uttar Pradesh 201301",096500 71200
IDEA AND INNOVATIONS - Best Customized Corporate Gifting Company in Noida,"A-55, opp. Merry Angel school, Gautam Budh Nagar, A Block, Sector 16, Noida, Uttar Pradesh 201301",096546 50776
BESOLVEÂ® | Trusted IT Company,"B 1, B Block, Sector 8, Noida, Uttar Pradesh 201301",098992 20048
Statcon Electronics India Limited,"A, 34, A Block, Sector 59, Noida, Uttar Pradesh 201301",0120 335 6101
"Shadow infosystem(P) Limited | Trusted IT Company in Noida, India | USA | Canada","G-90, Electronic City, G Block, Sector 63, Noida, Chotpur, Uttar Pradesh 201301",088003 84880
Makewell Pharmaceutical Company,"A-53, Jal Vayu Vihar Rd, Block B, Sector 26, Noida, Uttar Pradesh 201301",N/A
"Goodwill Technology & Services | Web Development Services Company | Digital Marketing Services | Noida , Delhi NCR","B-03, C-76, Sector 2, Noida, Uttar Pradesh 201301",075037 57651
Maxify Web Solutions: Web & App Development Company in Noida,"D34, Red FM Road, D Block, Sector 2, Noida, Uttar Pradesh 201301",N/A
HHP Software Company in Delhi India,"J4, Bishanpura, Sector 58, Noida, Uttar Pradesh 201301",0120 451 1388
Eigerlab Technologies LLP,"3rd floor, 81, Block A, Sector 4, Noida, Uttar Pradesh 201301",N/A
Titan Company Ltd,"Plot No 396, F Block, Sector 63, Noida, Chotpur, Uttar Pradesh 201301",0120 414 9688
Mismo Systems | Power BI Consulting Firm | Azure Analytics Company | Azure Infrastructure Services | Power Platform,"Second Floor, A-35, A Block, Sector 2, Noida, Uttar Pradesh 201301",0120 497 8056
